State,"All Ages, 2012","All Ages, 2014","Ages 0-20, 2012","Ages 0-20, 2014","Ages 21-34, 2012","Ages 21-34, 2014","Ages 35+, 2012","Ages 35+, 2014","Male, 2012","Male, 2014","Female, 2012","Female, 2014",Location
North Dakota,11.3,7.2,,,15.3,15.2,12,6.1,17.4,10.7,,,"North Dakota
(47.475318609000055, -100.11842789099995)"
South Dakota,5.7,5.6,,,,,,6.2,7.4,8.7,,,"South Dakota
(44.35313004200003, -100.37352915599996)"
Utah,1.2,2,,,,,1.9,2.3,1.7,3,,,"Utah
(39.36070123200005, -111.58712831499997)"
Wyoming,7.1,8.2,,,17.3,,,8.1,11.3,13.1,,,"Wyoming
(43.23554100600006, -108.10982701399996)"
United States,3.3,3.1,1.3,1.2,6.7,6.2,3.1,3,5.2,4.9,1.5,1.4,"United States
(39.759995942000046, -98.49999896099996)"
Colorado,2.5,3,,1.7,5.6,5.6,2,2.6,3.9,4.6,1.1,1.3,"Colorado
(38.84384342200008, -106.13360911499996)"
Montana,9.4,7.3,,,21.4,15.4,7.2,6.9,14.9,10.2,4,4.3,"Montana
(47.06652795700006, -109.42441587999997)"
