State,"All Ages, 2012","All Ages, 2014","Ages 0-20, 2012","Ages 0-20, 2014","Ages 21-34, 2012","Ages 21-34, 2014","Ages 35+, 2012","Ages 35+, 2014","Male, 2012","Male, 2014","Female, 2012","Female, 2014",Location
Vermont,3.4,,,,,,,,,,,,"Vermont
(43.62538389600007, -72.51763667599994)"
Rhode Island,2.3,,,,,,,,,,,,"Rhode Island
(41.70828106100004, -71.52246566099996)"
Connecticut,2.4,2.7,,,5.9,6.1,2.1,2.5,3.7,4.6,1.1,,"Connecticut
(41.56266070000004, -72.64983977999998)"
Maine,3.8,3.3,,,,,2.8,3.1,6.6,5.1,,,"Maine
(45.25422910300006, -68.98502586699993)"
New Hampshire,2.4,2.4,,,,,2.9,,4.1,3.2,,,"New Hampshire
(43.65595283500005, -71.50035697299995)"
Massachusetts,1.8,1.9,,,3.3,4,1.7,1.8,2.7,3.1,0.9,0.9,"Massachusetts
(42.27687400000008, -72.08268726299997)"
United States,3.3,3.1,1.3,1.2,6.7,6.2,3.1,3,5.2,4.9,1.5,1.4,"United States
(39.759995942000046, -98.49999896099996)"
