State,"All Ages, 2012","All Ages, 2014","Ages 0-20, 2012","Ages 0-20, 2014","Ages 21-34, 2012","Ages 21-34, 2014","Ages 35+, 2012","Ages 35+, 2014","Male, 2012","Male, 2014","Female, 2012","Female, 2014",Location
Delaware,3.8,5.2,,,,11.7,4,4.6,6.6,7.4,,,"Delaware
(39.00883389200004, -75.57773597599999)"
District of Columbia,,,,,,,,,,,,,"District of Columbia
(38.89037258400003, -77.03195678499998)"
West Virginia,5.6,4.7,,,12.9,10,4.4,4,9.3,7.1,,,"West Virginia
(38.66551127300005, -80.71263755899997)"
United States,3.3,3.1,1.3,1.2,6.7,6.2,3.1,3,5.2,4.9,1.5,1.4,"United States
(39.759995942000046, -98.49999896099996)"
Maryland,2.7,2.2,1.6,,5.8,5.4,2.2,1.8,4.1,3.5,1.4,0.9,"Maryland
(39.290582950000044, -76.60925984299996)"
Pennsylvania,3.3,2.7,1.4,0.7,7.2,5.5,2.8,2.7,5.4,4.4,1.3,1.1,"Pennsylvania
(40.79373362300004, -77.86069690799997)"
Virginia,2.5,2.5,1.2,1.2,4.5,5.1,2.6,2.3,4.1,3.9,0.9,1.2,"Virginia
(37.542680705000066, -78.45788932099998)"
