State,"All Ages, 2012","Ages 0-20, 2012","Ages 21-34, 2012","Ages 35+, 2012","Male, 2012","Female, 2012",Location,"All Ages, 2014","Ages 0-20, 2014","Ages 21-34, 2014","Ages 35+, 2014","Male, 2014","Female, 2014"
United States,3.3,1.3,6.7,3.1,5.2,1.5,"United States
(39.759995942000046, -98.49999896099996)",3.1,1.2,6.2,3,4.9,1.4
Alabama,5.5,2.7,10.3,5,8.4,2.9,"Alabama
(32.84057234800002, -86.63185738799996)",5.5,2.1,10,5.5,8.6,2.6
Florida,3.7,1.2,8,3.3,5.7,1.7,"Florida
(28.932042722000062, -81.92895768899996)",3.5,1.2,7.4,3.1,5.4,1.7
Georgia,3,1,5.8,3.1,4.9,1.2,"Georgia
(32.839683200000024, -83.62757885599996)",2.7,0.8,5.2,2.9,4.7,0.9
Kentucky,4,1.8,7.2,3.7,6.5,1.5,"Kentucky
(37.64597313300004, -84.77496771599994)",3.9,2,7.8,3.4,6.5,1.3
Mississippi,6.1,2.6,12,5.7,9.8,2.7,"Mississippi
(32.745513440000025, -89.53802722999995)",6,2.8,10.8,5.8,9.4,2.8
North Carolina,4.2,1.7,8,4,6.8,1.7,"North Carolina
(35.466220159000045, -79.15924997399998)",3.8,1.4,7.7,3.6,6.3,1.5
South Carolina,7.6,2.8,14.2,7.6,12.3,3.2,"South Carolina
(33.99882216300006, -81.04536596899999)",5.8,2,12.4,5.3,9,2.9
Tennessee,4.6,1.6,8,4.9,7.5,1.8,"Tennessee
(35.68094072700006, -85.77448666899994)",4.1,,8.2,4.1,6.8,1.5
