State,2012,2014,Location
Iowa,92,93,"Iowa
(42.469401411000035, -93.81648725599996)"
Kansas,80,86,"Kansas
(38.347742794000055, -98.20077822999997)"
Missouri,79,79,"Missouri
(38.63579147100006, -92.56629944499997)"
Nebraska,79,79,"Nebraska
(41.64104362100005, -99.36571888999998)"
United States,86,87,"United States
(39.759995942000046, -98.49999896099996)"
