State,2012,2014,Location
Arizona,82,87,"Arizona
(34.86597351900008, -111.76380664699997)"
California,96,97,"California
(37.63864210000003, -120.99999644699994)"
Hawaii,93,94,"Hawaii
(21.30485232600006, -157.85774798099996)"
Nevada,91,94,"Nevada
(39.49324221300003, -117.07183885899997)"
United States,86,87,"United States
(39.759995942000046, -98.49999896099996)"
